model,unfairness_metric,iteration,unfairness,,auc,,unfairness_weight,unfairness_scaled,auc_scaled,protected_column_selected_prop
LogisticRegression,overall_accuracy_equality,1,0.030154262,0.396503637,0.540005348,0.842191747,0,0.396503637,0.842191747,0.25
LogisticRegression,overall_accuracy_equality,2,0.030015486,0.352961937,0.539749807,0.65004241,0,0.352961937,0.65004241,0.5
LogisticRegression,overall_accuracy_equality,3,0.029439333,0.172190823,0.539988481,0.829508952,0,0.172190823,0.829508952,0.25
LogisticRegression,overall_accuracy_equality,4,0.030251611,0.427047348,0.539933787,0.788382334,0,0.427047348,0.788382334,0.25
LogisticRegression,overall_accuracy_equality,5,0.030261649,0.43019701,0.53999391,0.8335909,0,0.43019701,0.8335909,0.25
LogisticRegression,overall_accuracy_equality,6,0.030554822,0.522181655,0.539865652,0.737149879,0,0.522181655,0.737149879,0.5
LogisticRegression,overall_accuracy_equality,7,0.029987556,0.344198817,0.540016197,0.85034914,0,0.344198817,0.85034914,0.5
LogisticRegression,overall_accuracy_equality,8,0.030673886,0.559538578,0.539819773,0.702652313,0,0.559538578,0.702652313,0.5
LogisticRegression,overall_accuracy_equality,9,0.029993548,0.34607882,0.539886554,0.75286668,0,0.34607882,0.75286668,0.25
LogisticRegression,overall_accuracy_equality,10,0.030511728,0.508660745,0.54007538,0.894851031,0,0.508660745,0.894851031,0
LogisticRegression,overall_accuracy_equality,11,0.02976364,0.273943859,0.539906004,0.767492095,0,0.273943859,0.767492095,0.75
LogisticRegression,overall_accuracy_equality,12,0.029498877,0.190873032,0.540103339,0.915873696,0,0.190873032,0.915873696,0.25
LogisticRegression,overall_accuracy_equality,13,0.029917643,0.322263072,0.53979438,0.683558082,0,0.322263072,0.683558082,0.25
LogisticRegression,overall_accuracy_equality,14,0.030172126,0.402108615,0.539944328,0.796308629,0,0.402108615,0.796308629,0.25
LogisticRegression,overall_accuracy_equality,15,0.029782392,0.279827557,0.540001419,0.839237307,0,0.279827557,0.839237307,0.25
LogisticRegression,overall_accuracy_equality,16,0.029379601,0.153449583,0.539841613,0.719074382,0,0.153449583,0.719074382,0.5
LogisticRegression,overall_accuracy_equality,17,0.030773317,0.590735628,0.539970632,0.816087561,0,0.590735628,0.816087561,0.25
LogisticRegression,overall_accuracy_equality,18,0.029350242,0.14423797,0.540008199,0.844335034,0,0.14423797,0.844335034,0.25
LogisticRegression,overall_accuracy_equality,19,0.029880167,0.310504953,0.540027744,0.859032077,0,0.310504953,0.859032077,0
LogisticRegression,overall_accuracy_equality,20,0.030008614,0.35080585,0.539771961,0.666700661,0,0.35080585,0.666700661,1
LogisticRegression,overall_accuracy_equality,21,0.029975942,0.340554955,0.539829079,0.709649826,0,0.340554955,0.709649826,0.5
LogisticRegression,overall_accuracy_equality,22,0.029736139,0.265315259,0.539981651,0.824373286,0,0.265315259,0.824373286,0.5
LogisticRegression,overall_accuracy_equality,23,0.029498845,0.190863041,0.539800081,0.687844762,0,0.190863041,0.687844762,0.75
LogisticRegression,overall_accuracy_equality,24,0.029794702,0.283689703,0.539982646,0.825120958,0,0.283689703,0.825120958,0
LogisticRegression,overall_accuracy_equality,25,0.030472733,0.496425875,0.53955508,0.503621106,0,0.496425875,0.503621106,0.5
LogisticRegression,overall_accuracy_equality,26,0.029714954,0.258668524,0.539706756,0.617671496,0,0.258668524,0.617671496,0.75
LogisticRegression,overall_accuracy_equality,27,0.029738677,0.266111766,0.539953091,0.802897749,0,0.266111766,0.802897749,0
LogisticRegression,overall_accuracy_equality,28,0.029877624,0.309707027,0.54000094,0.838877413,0,0.309707027,0.838877413,0.25
LogisticRegression,overall_accuracy_equality,29,0.029823508,0.292727927,0.540215219,1,0,0.292727927,1,0
LogisticRegression,overall_accuracy_equality,30,0.029779155,0.278811816,0.539652889,0.577166837,0,0.278811816,0.577166837,0.25
LogisticRegression,overall_accuracy_equality,31,0.030947687,0.645445227,0.539494505,0.45807325,0,0.645445227,0.45807325,0.75
LogisticRegression,overall_accuracy_equality,32,0.02986234,0.304911524,0.540066863,0.888446383,0,0.304911524,0.888446383,0.25
LogisticRegression,overall_accuracy_equality,33,0.029264563,0.117355627,0.539871276,0.741378728,0,0.117355627,0.741378728,0.5
LogisticRegression,overall_accuracy_equality,34,0.029591711,0.220000161,0.53990607,0.767541117,0,0.220000161,0.767541117,0.25
LogisticRegression,overall_accuracy_equality,35,0.031236255,0.735984914,0.539750772,0.650768272,0,0.735984914,0.650768272,0.25
LogisticRegression,overall_accuracy_equality,36,0.03073186,0.577728107,0.540046097,0.87283192,0,0.577728107,0.87283192,0.25
LogisticRegression,overall_accuracy_equality,37,0.029372419,0.151196147,0.539844702,0.72139726,0,0.151196147,0.72139726,0.25
LogisticRegression,overall_accuracy_equality,38,0.029585985,0.218203511,0.539906712,0.768023953,0,0.218203511,0.768023953,0
LogisticRegression,overall_accuracy_equality,39,0.02967024,0.244639137,0.539874058,0.743470437,0,0.244639137,0.743470437,0.5
LogisticRegression,overall_accuracy_equality,40,0.029467455,0.181014188,0.540091896,0.907269522,0,0.181014188,0.907269522,0.25
LogisticRegression,overall_accuracy_equality,41,0.029345564,0.142770089,0.539986927,0.828339931,0,0.142770089,0.828339931,0.75
LogisticRegression,overall_accuracy_equality,42,0.030254628,0.427994219,0.540073879,0.893721782,0,0.427994219,0.893721782,0.5
LogisticRegression,overall_accuracy_equality,43,0.029581684,0.216854274,0.540148225,0.949624781,0,0.216854274,0.949624781,0.75
LogisticRegression,overall_accuracy_equality,44,0.030037979,0.360019359,0.540025354,0.857234708,0,0.360019359,0.857234708,0.5
LogisticRegression,overall_accuracy_equality,45,0.030376738,0.466306802,0.539804117,0.690880035,0,0.466306802,0.690880035,0.5
LogisticRegression,overall_accuracy_equality,46,0.030101485,0.379944485,0.540001754,0.839489292,0,0.379944485,0.839489292,0.25
LogisticRegression,overall_accuracy_equality,47,0.030912002,0.634248818,0.540023227,0.855635651,0,0.634248818,0.855635651,0.5
LogisticRegression,overall_accuracy_equality,48,0.02994859,0.331972812,0.539803428,0.690362144,0,0.331972812,0.690362144,0.5
LogisticRegression,overall_accuracy_equality,49,0.030199399,0.410665712,0.539821863,0.704223884,0,0.410665712,0.704223884,0.5
LogisticRegression,overall_accuracy_equality,50,0.030044399,0.362033701,0.540041004,0.869002347,0,0.362033701,0.869002347,0.25
LogisticRegression,overall_accuracy_equality,51,0.030912043,0.634261546,0.539857305,0.730873458,0,0.634261546,0.730873458,0.25
LogisticRegression,overall_accuracy_equality,52,0.029579525,0.216176878,0.539726178,0.632275412,0,0.216176878,0.632275412,0.75
LogisticRegression,overall_accuracy_equality,53,0.030161045,0.398632012,0.540009276,0.845144897,0,0.398632012,0.845144897,0
LogisticRegression,overall_accuracy_equality,54,0.029694314,0.252192489,0.53966766,0.588273604,0,0.252192489,0.588273604,0.5
LogisticRegression,overall_accuracy_equality,55,0.030554458,0.522067263,0.539588418,0.528688996,0,0.522067263,0.528688996,0.5
LogisticRegression,overall_accuracy_equality,56,0.02955281,0.207794718,0.540014894,0.849369692,0,0.207794718,0.849369692,0.25
LogisticRegression,overall_accuracy_equality,57,0.030148845,0.394804043,0.539612838,0.547051194,0,0.394804043,0.547051194,0.5
LogisticRegression,overall_accuracy_equality,58,0.030053177,0.364787689,0.539831554,0.711510338,0,0.364787689,0.711510338,0.25
LogisticRegression,overall_accuracy_equality,59,0.030077646,0.372464939,0.539510807,0.470331418,0,0.372464939,0.470331418,0.75
LogisticRegression,overall_accuracy_equality,60,0.029740607,0.26671711,0.540036469,0.865592578,0,0.26671711,0.865592578,0.25
LogisticRegression,overall_accuracy_equality,61,0.029690941,0.251134106,0.539982883,0.825299194,0,0.251134106,0.825299194,0.5
LogisticRegression,overall_accuracy_equality,62,0.029922389,0.32375238,0.539997309,0.836147063,0,0.32375238,0.836147063,0.25
LogisticRegression,overall_accuracy_equality,63,0.030133322,0.389933736,0.539975296,0.819594729,0,0.389933736,0.819594729,0.5
LogisticRegression,overall_accuracy_equality,64,0.029686141,0.249628264,0.539625492,0.556566027,0,0.249628264,0.556566027,0.5
LogisticRegression,overall_accuracy_equality,65,0.030354061,0.459191871,0.539519046,0.476525963,0,0.459191871,0.476525963,0.5
LogisticRegression,overall_accuracy_equality,66,0.030376059,0.466093591,0.540054704,0.879303613,0,0.466093591,0.879303613,0.25
LogisticRegression,overall_accuracy_equality,67,0.030042352,0.361391184,0.539650402,0.575296845,0,0.361391184,0.575296845,0.25
LogisticRegression,overall_accuracy_equality,68,0.030079646,0.373092481,0.54012614,0.933018426,0,0.373092481,0.933018426,0.25
LogisticRegression,overall_accuracy_equality,69,0.029941163,0.329642596,0.539991223,0.831570238,0,0.329642596,0.831570238,0.25
LogisticRegression,overall_accuracy_equality,70,0.029695817,0.252664095,0.540003104,0.840504027,0,0.252664095,0.840504027,0.25
LogisticRegression,overall_accuracy_equality,71,0.029376648,0.15252311,0.540175434,0.970084593,0,0.15252311,0.970084593,0.25
LogisticRegression,overall_accuracy_equality,72,0.030309704,0.445274504,0.539939498,0.792677314,0,0.445274504,0.792677314,0.5
LogisticRegression,overall_accuracy_equality,73,0.029796643,0.284298895,0.539534478,0.488130404,0,0.284298895,0.488130404,0.25
LogisticRegression,overall_accuracy_equality,74,0.02942751,0.168481343,0.539937355,0.79106524,0,0.168481343,0.79106524,0.5
LogisticRegression,overall_accuracy_equality,75,0.029803172,0.286347354,0.540012513,0.84757908,0,0.286347354,0.84757908,0.25
LogisticRegression,overall_accuracy_equality,76,0.029980642,0.342029573,0.540076603,0.89577029,0,0.342029573,0.89577029,0.5
LogisticRegression,overall_accuracy_equality,77,0.029771858,0.276522312,0.53997864,0.822109054,0,0.276522312,0.822109054,0.75
LogisticRegression,overall_accuracy_equality,78,0.029408129,0.162400205,0.539775552,0.669400906,0,0.162400205,0.669400906,0.25
LogisticRegression,overall_accuracy_equality,79,0.029716635,0.259195659,0.539815959,0.699784585,0,0.259195659,0.699784585,0.5
LogisticRegression,overall_accuracy_equality,80,0.030508064,0.507511147,0.539945091,0.796882801,0,0.507511147,0.796882801,0
LogisticRegression,overall_accuracy_equality,81,0.030197058,0.409931084,0.539912824,0.772619717,0,0.409931084,0.772619717,0.25
LogisticRegression,overall_accuracy_equality,82,0.030105624,0.381243138,0.540011815,0.847054505,0,0.381243138,0.847054505,0
LogisticRegression,overall_accuracy_equality,83,0.029531156,0.201000769,0.539752119,0.651781251,0,0.201000769,0.651781251,0.75
LogisticRegression,overall_accuracy_equality,84,0.029428997,0.168947733,0.539895837,0.759847169,0,0.168947733,0.759847169,0.25
LogisticRegression,overall_accuracy_equality,85,0.029183954,0.092064269,0.539895698,0.759742643,0,0.092064269,0.759742643,0.5
LogisticRegression,overall_accuracy_equality,86,0.030864762,0.619426891,0.5399976,0.836365789,0,0.619426891,0.836365789,0.5
LogisticRegression,overall_accuracy_equality,87,0.03014413,0.393324641,0.540074057,0.893856159,0,0.393324641,0.893856159,0.25
LogisticRegression,overall_accuracy_equality,88,0.030607181,0.53860966,0.539938916,0.792239641,0,0.53860966,0.792239641,0.5
LogisticRegression,overall_accuracy_equality,89,0.029504535,0.192648414,0.539841788,0.7192055,0,0.192648414,0.7192055,0.5
LogisticRegression,overall_accuracy_equality,90,0.030188949,0.407387044,0.540020669,0.853711745,0,0.407387044,0.853711745,0.5
LogisticRegression,overall_accuracy_equality,91,0.029917965,0.322364319,0.539979042,0.82241148,0,0.322364319,0.82241148,0.5
LogisticRegression,overall_accuracy_equality,92,0.030495094,0.503441602,0.539742629,0.644645089,0,0.503441602,0.644645089,0.25
LogisticRegression,overall_accuracy_equality,93,0.02992011,0.323037258,0.539907795,0.768838848,0,0.323037258,0.768838848,0.5
LogisticRegression,overall_accuracy_equality,94,0.030011017,0.351559644,0.539717573,0.62580455,0,0.351559644,0.62580455,0.5
LogisticRegression,overall_accuracy_equality,95,0.02958738,0.218641238,0.539724205,0.630791676,0,0.218641238,0.630791676,0.25
LogisticRegression,overall_accuracy_equality,96,0.029504146,0.192526118,0.539895122,0.759309403,0,0.192526118,0.759309403,0.5
LogisticRegression,overall_accuracy_equality,97,0.029503203,0.192230414,0.540058465,0.882131656,0,0.192230414,0.882131656,0.25
LogisticRegression,overall_accuracy_equality,98,0.031020932,0.668426166,0.539929224,0.784951431,0,0.668426166,0.784951431,0.5
LogisticRegression,overall_accuracy_equality,99,0.030370546,0.464363918,0.540175654,0.970249723,0,0.464363918,0.970249723,0.25
LogisticRegression,overall_accuracy_equality,100,0.02989029,0.313681173,0.540070407,0.891111403,0,0.313681173,0.891111403,0
LogisticRegression,overall_accuracy_equality,1,0.029952751,0.333278577,0.539826988,0.708077288,1,0.333278577,0.708077288,0.5
LogisticRegression,overall_accuracy_equality,2,0.030352706,0.458766475,0.539628545,0.558862161,1,0.458766475,0.558862161,0.5
LogisticRegression,overall_accuracy_equality,3,0.029243904,0.11087373,0.539938848,0.792188455,1,0.11087373,0.792188455,0.25
LogisticRegression,overall_accuracy_equality,4,0.030899167,0.630221734,0.539780704,0.673275231,1,0.630221734,0.673275231,0.5
LogisticRegression,overall_accuracy_equality,5,0.030283448,0.437036388,0.539641237,0.56840528,1,0.437036388,0.56840528,0.75
LogisticRegression,overall_accuracy_equality,6,0.030716409,0.572880308,0.539610443,0.545250381,1,0.572880308,0.545250381,0.5
LogisticRegression,overall_accuracy_equality,7,0.030683416,0.562528603,0.539526956,0.482474208,1,0.562528603,0.482474208,0.75
LogisticRegression,overall_accuracy_equality,8,0.030853371,0.61585313,0.539849134,0.724729437,1,0.61585313,0.724729437,0.25
LogisticRegression,overall_accuracy_equality,9,0.03007575,0.371870235,0.539984896,0.826813391,1,0.371870235,0.826813391,0.25
LogisticRegression,overall_accuracy_equality,10,0.030426678,0.481975806,0.539759491,0.657324096,1,0.481975806,0.657324096,0.5
LogisticRegression,overall_accuracy_equality,11,0.029873799,0.308506799,0.539886163,0.752572467,1,0.308506799,0.752572467,0.5
LogisticRegression,overall_accuracy_equality,12,0.030257216,0.428806063,0.540013594,0.848392219,1,0.428806063,0.848392219,0.5
LogisticRegression,overall_accuracy_equality,13,0.030260539,0.429848557,0.539745376,0.646710934,1,0.429848557,0.646710934,0.25
LogisticRegression,overall_accuracy_equality,14,0.030261014,0.429997733,0.539882018,0.74945634,1,0.429997733,0.74945634,0.5
LogisticRegression,overall_accuracy_equality,15,0.029996386,0.346969076,0.539752671,0.652196321,1,0.346969076,0.652196321,0.5
LogisticRegression,overall_accuracy_equality,16,0.029590881,0.219739738,0.539885412,0.752007796,1,0.219739738,0.752007796,1
LogisticRegression,overall_accuracy_equality,17,0.030595024,0.534795255,0.539621473,0.55354456,1,0.534795255,0.55354456,0.5
LogisticRegression,overall_accuracy_equality,18,0.029308839,0.131247574,0.539841991,0.719358606,1,0.131247574,0.719358606,0.25
LogisticRegression,overall_accuracy_equality,19,0.030451608,0.489797543,0.539788612,0.679220912,1,0.489797543,0.679220912,0.5
LogisticRegression,overall_accuracy_equality,20,0.030205383,0.412543316,0.539848301,0.724102949,1,0.412543316,0.724102949,0.25
LogisticRegression,overall_accuracy_equality,21,0.030082367,0.373946198,0.53983638,0.715139658,1,0.373946198,0.715139658,0.5
LogisticRegression,overall_accuracy_equality,22,0.029857802,0.303487643,0.539793123,0.682612816,1,0.303487643,0.682612816,0.25
LogisticRegression,overall_accuracy_equality,23,0.029627066,0.23109315,0.539677492,0.5956668,1,0.23109315,0.5956668,0.75
LogisticRegression,overall_accuracy_equality,24,0.029791098,0.282558908,0.539806367,0.69257137,1,0.282558908,0.69257137,0
LogisticRegression,overall_accuracy_equality,25,0.030744325,0.581639274,0.539679744,0.597360312,1,0.581639274,0.597360312,0.75
LogisticRegression,overall_accuracy_equality,26,0.029854967,0.30259836,0.539795655,0.684516916,1,0.30259836,0.684516916,0.5
LogisticRegression,overall_accuracy_equality,27,0.029779182,0.278820297,0.539871028,0.741192587,1,0.278820297,0.741192587,0.75
LogisticRegression,overall_accuracy_equality,28,0.029856885,0.303199968,0.539568855,0.513979471,1,0.303199968,0.513979471,0.25
LogisticRegression,overall_accuracy_equality,29,0.030280697,0.436173329,0.539541463,0.493382563,1,0.436173329,0.493382563,0.5
LogisticRegression,overall_accuracy_equality,30,0.029960949,0.335850619,0.539824464,0.706179161,1,0.335850619,0.706179161,0
LogisticRegression,overall_accuracy_equality,31,0.03112542,0.701210011,0.53929978,0.311653761,1,0.701210011,0.311653761,0.25
LogisticRegression,overall_accuracy_equality,32,0.030621042,0.542958354,0.539891517,0.756598434,1,0.542958354,0.756598434,0.75
LogisticRegression,overall_accuracy_equality,33,0.029696951,0.253019834,0.539709865,0.620008971,1,0.253019834,0.620008971,1
LogisticRegression,overall_accuracy_equality,34,0.029649955,0.238274544,0.539692655,0.607068319,1,0.238274544,0.607068319,0
LogisticRegression,overall_accuracy_equality,35,0.031646065,0.864565231,0.539842505,0.71974498,1,0.864565231,0.71974498,0.5
LogisticRegression,overall_accuracy_equality,36,0.031196067,0.723375689,0.539742868,0.644825077,1,0.723375689,0.644825077,0.25
LogisticRegression,overall_accuracy_equality,37,0.029524435,0.198891936,0.539700946,0.613302288,1,0.198891936,0.613302288,0.5
LogisticRegression,overall_accuracy_equality,38,0.029520532,0.19766739,0.539979777,0.822964271,1,0.19766739,0.822964271,0
LogisticRegression,overall_accuracy_equality,39,0.029591581,0.219959322,0.539568353,0.513601861,1,0.219959322,0.513601861,0.75
LogisticRegression,overall_accuracy_equality,40,0.029386836,0.155719681,0.53976788,0.663632452,1,0.155719681,0.663632452,0.25
LogisticRegression,overall_accuracy_equality,41,0.029566249,0.212011278,0.539829403,0.709893383,1,0.212011278,0.709893383,0.5
LogisticRegression,overall_accuracy_equality,42,0.030215598,0.415748129,0.539833881,0.71326012,1,0.415748129,0.71326012,0.75
LogisticRegression,overall_accuracy_equality,43,0.030293781,0.440278436,0.539947015,0.798329524,1,0.440278436,0.798329524,0.5
LogisticRegression,overall_accuracy_equality,44,0.029965448,0.337262118,0.540113894,0.923810423,1,0.337262118,0.923810423,0.5
LogisticRegression,overall_accuracy_equality,45,0.030927677,0.639167017,0.539650386,0.57528497,1,0.639167017,0.57528497,0.5
LogisticRegression,overall_accuracy_equality,46,0.030847237,0.613928425,0.539936606,0.790502375,1,0.613928425,0.790502375,0.75
LogisticRegression,overall_accuracy_equality,47,0.031353358,0.772726535,0.539679705,0.597330835,1,0.772726535,0.597330835,0.75
LogisticRegression,overall_accuracy_equality,48,0.029665094,0.243024571,0.539847578,0.723559274,1,0.243024571,0.723559274,0.25
LogisticRegression,overall_accuracy_equality,49,0.030451374,0.489724367,0.539720832,0.628255411,1,0.489724367,0.628255411,0.25
LogisticRegression,overall_accuracy_equality,50,0.030390969,0.470771928,0.539821378,0.70385872,1,0.470771928,0.70385872,0.25
LogisticRegression,overall_accuracy_equality,51,0.031974176,0.967511617,0.539377483,0.370080435,1,0.967511617,0.370080435,0.5
LogisticRegression,overall_accuracy_equality,52,0.029858406,0.303677289,0.53971601,0.624629564,1,0.303677289,0.624629564,0.25
LogisticRegression,overall_accuracy_equality,53,0.030175415,0.403140555,0.539974854,0.81926203,1,0.403140555,0.81926203,0.5
LogisticRegression,overall_accuracy_equality,54,0.030000202,0.348166412,0.539517713,0.475523788,1,0.348166412,0.475523788,0.75
LogisticRegression,overall_accuracy_equality,55,0.030400241,0.473680957,0.539498088,0.460767358,1,0.473680957,0.460767358,0.5
LogisticRegression,overall_accuracy_equality,56,0.02913556,0.076880216,0.53973294,0.637359839,1,0.076880216,0.637359839,0.75
LogisticRegression,overall_accuracy_equality,57,0.030467821,0.494884666,0.539665895,0.586946422,1,0.494884666,0.586946422,0.75
LogisticRegression,overall_accuracy_equality,58,0.030053177,0.364787689,0.539831554,0.711510338,1,0.364787689,0.711510338,0.25
LogisticRegression,overall_accuracy_equality,59,0.030558977,0.523485281,0.539867578,0.738597839,1,0.523485281,0.738597839,0.5
LogisticRegression,overall_accuracy_equality,60,0.030427075,0.482100191,0.539813229,0.697731253,1,0.482100191,0.697731253,0.5
LogisticRegression,overall_accuracy_equality,61,0.029991628,0.345476376,0.539914829,0.774127909,1,0.345476376,0.774127909,0.25
LogisticRegression,overall_accuracy_equality,62,0.030111657,0.383136039,0.539845688,0.722138646,1,0.383136039,0.722138646,0.5
LogisticRegression,overall_accuracy_equality,63,0.030177822,0.403895686,0.540039914,0.86818248,1,0.403895686,0.86818248,0
LogisticRegression,overall_accuracy_equality,64,0.029415038,0.164568199,0.539732444,0.636986964,1,0.164568199,0.636986964,0.75
LogisticRegression,overall_accuracy_equality,65,0.030470854,0.495836146,0.539925969,0.782504133,1,0.495836146,0.782504133,0.25
LogisticRegression,overall_accuracy_equality,66,0.030657516,0.554402545,0.539710513,0.6204965,1,0.554402545,0.6204965,0.5
LogisticRegression,overall_accuracy_equality,67,0.03023953,0.423256847,0.539436953,0.41479775,1,0.423256847,0.41479775,0.5
LogisticRegression,overall_accuracy_equality,68,0.03018813,0.407129893,0.53938465,0.375469719,1,0.407129893,0.375469719,0.5
LogisticRegression,overall_accuracy_equality,69,0.030274753,0.434308285,0.539841732,0.71916401,1,0.434308285,0.71916401,0.5
LogisticRegression,overall_accuracy_equality,70,0.029895138,0.315202116,0.539619509,0.552067852,1,0.315202116,0.552067852,0.75
LogisticRegression,overall_accuracy_equality,71,0.029752083,0.270317743,0.539641345,0.568486719,1,0.270317743,0.568486719,0.75
LogisticRegression,overall_accuracy_equality,72,0.030599843,0.536307336,0.539643119,0.569820589,1,0.536307336,0.569820589,0.75
LogisticRegression,overall_accuracy_equality,73,0.02921064,0.100436968,0.54001992,0.853148538,1,0.100436968,0.853148538,0.25
LogisticRegression,overall_accuracy_equality,74,0.029782782,0.279949836,0.539833931,0.713297931,1,0.279949836,0.713297931,0.5
LogisticRegression,overall_accuracy_equality,75,0.030438598,0.485715594,0.539608457,0.543757397,1,0.485715594,0.543757397,0.5
LogisticRegression,overall_accuracy_equality,76,0.030443038,0.487108857,0.539932717,0.787577807,1,0.487108857,0.787577807,0.5
LogisticRegression,overall_accuracy_equality,77,0.029978513,0.34136151,0.53957281,0.516953104,1,0.34136151,0.516953104,0.25
LogisticRegression,overall_accuracy_equality,78,0.029193185,0.094960607,0.539547228,0.49771731,1,0.094960607,0.49771731,0.75
LogisticRegression,overall_accuracy_equality,79,0.029700768,0.254217403,0.539771791,0.66657316,1,0.254217403,0.66657316,0.5
LogisticRegression,overall_accuracy_equality,80,0.030810659,0.602452,0.539862448,0.734740912,1,0.602452,0.734740912,0.5
LogisticRegression,overall_accuracy_equality,81,0.030497303,0.504134549,0.539899445,0.762560178,1,0.504134549,0.762560178,0.5
LogisticRegression,overall_accuracy_equality,82,0.030364388,0.462431848,0.539701737,0.613897524,1,0.462431848,0.613897524,0.25
LogisticRegression,overall_accuracy_equality,83,0.029776029,0.277830945,0.539576317,0.519590417,1,0.277830945,0.519590417,0.5
LogisticRegression,overall_accuracy_equality,84,0.029448815,0.175165668,0.540014033,0.848722286,1,0.175165668,0.848722286,0.5
LogisticRegression,overall_accuracy_equality,85,0.028890527,0,0.539959009,0.807347699,1,0,0.807347699,0.75
LogisticRegression,overall_accuracy_equality,86,0.030816854,0.604395713,0.539951603,0.801779024,1,0.604395713,0.801779024,0.5
LogisticRegression,overall_accuracy_equality,87,0.030420875,0.480155001,0.539722312,0.629368023,1,0.480155001,0.629368023,0.5
LogisticRegression,overall_accuracy_equality,88,0.030858227,0.617376713,0.539752827,0.652313491,1,0.617376713,0.652313491,0.5
LogisticRegression,overall_accuracy_equality,89,0.029443111,0.173376011,0.539552172,0.501434481,1,0.173376011,0.501434481,0.5
LogisticRegression,overall_accuracy_equality,90,0.030512434,0.508882216,0.540022981,0.855450267,1,0.508882216,0.855450267,0.25
LogisticRegression,overall_accuracy_equality,91,0.030353491,0.459012913,0.539800844,0.688418495,1,0.459012913,0.688418495,0.5
LogisticRegression,overall_accuracy_equality,92,0.030821235,0.605770214,0.539674904,0.59372089,1,0.605770214,0.59372089,0.5
LogisticRegression,overall_accuracy_equality,93,0.030551006,0.520984304,0.53983005,0.710379325,1,0.520984304,0.710379325,0.5
LogisticRegression,overall_accuracy_equality,94,0.030389679,0.470367091,0.539468661,0.438640242,1,0.470367091,0.438640242,0.75
LogisticRegression,overall_accuracy_equality,95,0.02956142,0.210496392,0.539622216,0.554103112,1,0.210496392,0.554103112,0.25
LogisticRegression,overall_accuracy_equality,96,0.029690096,0.250869188,0.5396001,0.537473048,1,0.250869188,0.537473048,0.5
LogisticRegression,overall_accuracy_equality,97,0.029759608,0.272678961,0.539966636,0.813082762,1,0.272678961,0.813082762,0.75
LogisticRegression,overall_accuracy_equality,98,0.031018558,0.667681189,0.53950076,0.462776235,1,0.667681189,0.462776235,0.5
LogisticRegression,overall_accuracy_equality,99,0.030495643,0.503613869,0.539558133,0.50591707,1,0.503613869,0.50591707,0.5
LogisticRegression,overall_accuracy_equality,100,0.029923942,0.324239573,0.539703374,0.61512821,1,0.324239573,0.61512821,0.5
LogisticRegression,overall_accuracy_equality,1,0.03032634,0.450494017,0.539811321,0.696297121,2,0.450494017,0.696297121,0.25
LogisticRegression,overall_accuracy_equality,2,0.030613084,0.540461644,0.539472426,0.441470965,2,0.540461644,0.441470965,0.5
LogisticRegression,overall_accuracy_equality,3,0.029291527,0.125815679,0.539813028,0.697580564,2,0.125815679,0.697580564,0.25
LogisticRegression,overall_accuracy_equality,4,0.030889184,0.62708951,0.539803501,0.690416612,2,0.62708951,0.690416612,0.5
LogisticRegression,overall_accuracy_equality,5,0.030373491,0.465288085,0.539344986,0.345645024,2,0.465288085,0.345645024,1
LogisticRegression,overall_accuracy_equality,6,0.030557729,0.523093784,0.53952699,0.482499868,2,0.523093784,0.482499868,0.25
LogisticRegression,overall_accuracy_equality,7,0.030775228,0.591335329,0.539440367,0.417365435,2,0.591335329,0.417365435,0.75
LogisticRegression,overall_accuracy_equality,8,0.030797919,0.598454585,0.539681996,0.599053298,2,0.598454585,0.599053298,0.5
LogisticRegression,overall_accuracy_equality,9,0.030193086,0.408684783,0.540052536,0.877673354,2,0.408684783,0.877673354,0.5
LogisticRegression,overall_accuracy_equality,10,0.03034026,0.454861555,0.539525639,0.48148416,2,0.454861555,0.48148416,0.5
LogisticRegression,overall_accuracy_equality,11,0.029959267,0.335322878,0.539682856,0.599699679,2,0.335322878,0.599699679,0.5
LogisticRegression,overall_accuracy_equality,12,0.030248586,0.426098496,0.539809095,0.694623024,2,0.426098496,0.694623024,0.75
LogisticRegression,overall_accuracy_equality,13,0.030260539,0.429848557,0.539745376,0.646710934,2,0.429848557,0.646710934,0.25
LogisticRegression,overall_accuracy_equality,14,0.030261014,0.429997733,0.539882018,0.74945634,2,0.429997733,0.74945634,0.5
LogisticRegression,overall_accuracy_equality,15,0.029619925,0.228852426,0.539678402,0.59635093,2,0.228852426,0.59635093,0.25
LogisticRegression,overall_accuracy_equality,16,0.029872106,0.307975624,0.539487442,0.452762361,2,0.307975624,0.452762361,0.5
LogisticRegression,overall_accuracy_equality,17,0.030602069,0.537005485,0.539451417,0.425673771,2,0.537005485,0.425673771,0.5
LogisticRegression,overall_accuracy_equality,18,0.029530611,0.20082967,0.539836377,0.715137403,2,0.20082967,0.715137403,0.5
LogisticRegression,overall_accuracy_equality,19,0.030497718,0.504264999,0.539795527,0.68442113,2,0.504264999,0.68442113,0.5
LogisticRegression,overall_accuracy_equality,20,0.029987988,0.344334445,0.539537723,0.490569991,2,0.344334445,0.490569991,0.25
LogisticRegression,overall_accuracy_equality,21,0.030703236,0.568747285,0.539360285,0.357149269,2,0.568747285,0.357149269,0.75
LogisticRegression,overall_accuracy_equality,22,0.02989892,0.316388714,0.53940463,0.390493402,2,0.316388714,0.390493402,0.75
LogisticRegression,overall_accuracy_equality,23,0.029484345,0.18631357,0.539156776,0.204124318,2,0.18631357,0.204124318,0.5
LogisticRegression,overall_accuracy_equality,24,0.030212933,0.414912133,0.539351266,0.350367372,2,0.414912133,0.350367372,0.25
LogisticRegression,overall_accuracy_equality,25,0.030687363,0.56376712,0.539683091,0.599876745,2,0.56376712,0.599876745,0.75
LogisticRegression,overall_accuracy_equality,26,0.03041148,0.477207313,0.539257678,0.279995972,2,0.477207313,0.279995972,0.75
LogisticRegression,overall_accuracy_equality,27,0.029932262,0.326849904,0.539408908,0.393709929,2,0.326849904,0.393709929,0.75
LogisticRegression,overall_accuracy_equality,28,0.029892673,0.314428628,0.539552144,0.501413621,2,0.314428628,0.501413621,0.25
LogisticRegression,overall_accuracy_equality,29,0.029768581,0.275494114,0.539735856,0.639552409,2,0.275494114,0.639552409,0.5
LogisticRegression,overall_accuracy_equality,30,0.029646683,0.237248075,0.539444164,0.420220001,2,0.237248075,0.420220001,0.25
LogisticRegression,overall_accuracy_equality,31,0.031063565,0.68180256,0.539251286,0.275189329,2,0.68180256,0.275189329,0.25
LogisticRegression,overall_accuracy_equality,32,0.030588993,0.532902968,0.539532785,0.486857396,2,0.532902968,0.486857396,0.75
LogisticRegression,overall_accuracy_equality,33,0.029682587,0.248512976,0.539507251,0.467657269,2,0.248512976,0.467657269,1
LogisticRegression,overall_accuracy_equality,34,0.029636171,0.233949908,0.53955599,0.504305774,2,0.233949908,0.504305774,0
LogisticRegression,overall_accuracy_equality,35,0.031938182,0.956218402,0.539645228,0.571406233,2,0.956218402,0.571406233,0.5
LogisticRegression,overall_accuracy_equality,36,0.03133043,0.7655329,0.539302323,0.31356576,2,0.7655329,0.31356576,0.25
LogisticRegression,overall_accuracy_equality,37,0.029580185,0.216383794,0.539457856,0.430515723,2,0.216383794,0.430515723,0.5
LogisticRegression,overall_accuracy_equality,38,0.029240593,0.109834966,0.539857178,0.730778363,2,0.109834966,0.730778363,0.25
LogisticRegression,overall_accuracy_equality,39,0.029636423,0.234028909,0.539474779,0.443240234,2,0.234028909,0.443240234,0.75
LogisticRegression,overall_accuracy_equality,40,0.029189976,0.093953775,0.539637604,0.565673373,2,0.093953775,0.565673373,0.5
LogisticRegression,overall_accuracy_equality,41,0.029531023,0.200958971,0.539585484,0.526482709,2,0.200958971,0.526482709,0.25
LogisticRegression,overall_accuracy_equality,42,0.030322654,0.449337728,0.539514655,0.473224321,2,0.449337728,0.473224321,0.5
LogisticRegression,overall_accuracy_equality,43,0.029990537,0.345134196,0.540136887,0.941099528,2,0.345134196,0.941099528,0.25
LogisticRegression,overall_accuracy_equality,44,0.0301954,0.409410945,0.539626632,0.557423479,2,0.409410945,0.557423479,0.75
LogisticRegression,overall_accuracy_equality,45,0.030947583,0.645412437,0.539780357,0.673014074,2,0.645412437,0.673014074,0.5
LogisticRegression,overall_accuracy_equality,46,0.030690923,0.564883908,0.5396937,0.607853941,2,0.564883908,0.607853941,0.5
LogisticRegression,overall_accuracy_equality,47,0.031275708,0.748363657,0.539446767,0.422177308,2,0.748363657,0.422177308,0.75
LogisticRegression,overall_accuracy_equality,48,0.029566088,0.211960986,0.539870042,0.740450517,2,0.211960986,0.740450517,0.25
LogisticRegression,overall_accuracy_equality,49,0.03005806,0.366319669,0.539614432,0.548249954,2,0.366319669,0.548249954,0.5
LogisticRegression,overall_accuracy_equality,50,0.030582519,0.530871574,0.539956927,0.805782112,2,0.530871574,0.805782112,0.25
LogisticRegression,overall_accuracy_equality,51,0.031963268,0.964089252,0.539309059,0.318630693,2,0.964089252,0.318630693,0.5
LogisticRegression,overall_accuracy_equality,52,0.029843584,0.299026854,0.539740462,0.643015968,2,0.299026854,0.643015968,0.25
LogisticRegression,overall_accuracy_equality,53,0.030525777,0.513068694,0.539602187,0.539042641,2,0.513068694,0.539042641,0.25
LogisticRegression,overall_accuracy_equality,54,0.029970307,0.33878684,0.539417826,0.400416036,2,0.33878684,0.400416036,0.5
LogisticRegression,overall_accuracy_equality,55,0.030581336,0.530500498,0.539313685,0.322109369,2,0.530500498,0.322109369,0.5
LogisticRegression,overall_accuracy_equality,56,0.029106111,0.067640561,0.539488914,0.453869398,2,0.067640561,0.453869398,0.75
LogisticRegression,overall_accuracy_equality,57,0.030384102,0.468617244,0.539249493,0.273840971,2,0.468617244,0.273840971,0.5
LogisticRegression,overall_accuracy_equality,58,0.029674222,0.245888438,0.539292849,0.306441874,2,0.245888438,0.306441874,0.5
LogisticRegression,overall_accuracy_equality,59,0.030749858,0.583375312,0.539497012,0.459958382,2,0.583375312,0.459958382,0.5
LogisticRegression,overall_accuracy_equality,60,0.030584634,0.531535329,0.539727115,0.632979843,2,0.531535329,0.632979843,0.5
LogisticRegression,overall_accuracy_equality,61,0.029910441,0.320003552,0.539813046,0.697593753,2,0.320003552,0.697593753,0.25
LogisticRegression,overall_accuracy_equality,62,0.030231101,0.420612219,0.539481375,0.448200142,2,0.420612219,0.448200142,0.75
LogisticRegression,overall_accuracy_equality,63,0.030187489,0.406928743,0.539539445,0.491865065,2,0.406928743,0.491865065,0.5
LogisticRegression,overall_accuracy_equality,64,0.029651672,0.23881319,0.539558318,0.506055753,2,0.23881319,0.506055753,0.5
LogisticRegression,overall_accuracy_equality,65,0.030452778,0.490164783,0.539890165,0.755581682,2,0.490164783,0.755581682,0.25
LogisticRegression,overall_accuracy_equality,66,0.030801232,0.599493939,0.539729521,0.634788937,2,0.599493939,0.634788937,0.75
LogisticRegression,overall_accuracy_equality,67,0.030417085,0.478965849,0.539602608,0.539358828,2,0.478965849,0.539358828,0.75
LogisticRegression,overall_accuracy_equality,68,0.030370516,0.464354709,0.539057076,0.129157269,2,0.464354709,0.129157269,0.5
LogisticRegression,overall_accuracy_equality,69,0.030016191,0.353183141,0.539327556,0.332539321,2,0.353183141,0.332539321,0.75
LogisticRegression,overall_accuracy_equality,70,0.029817338,0.290791882,0.53928254,0.298690384,2,0.290791882,0.298690384,0.5
LogisticRegression,overall_accuracy_equality,71,0.029364675,0.148766267,0.539621956,0.553907709,2,0.148766267,0.553907709,1
LogisticRegression,overall_accuracy_equality,72,0.03042277,0.480749512,0.539632403,0.561762538,2,0.480749512,0.561762538,0.75
LogisticRegression,overall_accuracy_equality,73,0.029095752,0.064390221,0.540089408,0.90539852,2,0.064390221,0.90539852,0.25
LogisticRegression,overall_accuracy_equality,74,0.029731602,0.263891904,0.539788326,0.67900646,2,0.263891904,0.67900646,0.5
LogisticRegression,overall_accuracy_equality,75,0.030473252,0.496588425,0.539306377,0.316614313,2,0.496588425,0.316614313,0.5
LogisticRegression,overall_accuracy_equality,76,0.030562642,0.524635178,0.539776217,0.669901359,2,0.524635178,0.669901359,0.5
LogisticRegression,overall_accuracy_equality,77,0.029685552,0.24944323,0.5395159,0.474160482,2,0.24944323,0.474160482,0
LogisticRegression,overall_accuracy_equality,78,0.029382211,0.154268532,0.539701952,0.614058627,2,0.154268532,0.614058627,1
LogisticRegression,overall_accuracy_equality,79,0.029855431,0.302743708,0.539598958,0.536614474,2,0.302743708,0.536614474,0.25
LogisticRegression,overall_accuracy_equality,80,0.030946118,0.644952964,0.539324275,0.330072015,2,0.644952964,0.330072015,0.5
LogisticRegression,overall_accuracy_equality,81,0.030237552,0.422636458,0.539931818,0.786902455,2,0.422636458,0.786902455,0.75
LogisticRegression,overall_accuracy_equality,82,0.03032771,0.450923852,0.539796894,0.685448902,2,0.450923852,0.685448902,0.5
LogisticRegression,overall_accuracy_equality,83,0.029841461,0.298360607,0.539613801,0.54777579,2,0.298360607,0.54777579,0.25
LogisticRegression,overall_accuracy_equality,84,0.029375279,0.152093623,0.539731526,0.636296252,2,0.152093623,0.636296252,0.5
LogisticRegression,overall_accuracy_equality,85,0.029187362,0.093133435,0.539566975,0.512565268,2,0.093133435,0.512565268,0.5
LogisticRegression,overall_accuracy_equality,86,0.030752751,0.584282892,0.539377691,0.370236853,2,0.584282892,0.370236853,0.5
LogisticRegression,overall_accuracy_equality,87,0.030336112,0.453560113,0.539546391,0.497087798,2,0.453560113,0.497087798,0.5
LogisticRegression,overall_accuracy_equality,88,0.030940816,0.643289385,0.539727729,0.633441707,2,0.643289385,0.633441707,0.5
LogisticRegression,overall_accuracy_equality,89,0.029469766,0.181739245,0.539682193,0.599201304,2,0.181739245,0.599201304,0.5
LogisticRegression,overall_accuracy_equality,90,0.03051198,0.508739735,0.539820822,0.703440849,2,0.508739735,0.703440849,0.25
LogisticRegression,overall_accuracy_equality,91,0.030281578,0.436449846,0.53944881,0.423713704,2,0.436449846,0.423713704,0.75
LogisticRegression,overall_accuracy_equality,92,0.030566135,0.525731255,0.539265662,0.285999478,2,0.525731255,0.285999478,0.5
LogisticRegression,overall_accuracy_equality,93,0.0305481,0.520072519,0.539637377,0.565503179,2,0.520072519,0.565503179,0.5
LogisticRegression,overall_accuracy_equality,94,0.030113378,0.383676216,0.539413508,0.397169347,2,0.383676216,0.397169347,0.75
LogisticRegression,overall_accuracy_equality,95,0.029585886,0.218172532,0.539467469,0.437744151,2,0.218172532,0.437744151,0
LogisticRegression,overall_accuracy_equality,96,0.029796693,0.284314572,0.53938719,0.377380023,2,0.284314572,0.377380023,0.75
LogisticRegression,overall_accuracy_equality,97,0.029628637,0.231585914,0.539664016,0.585533727,2,0.231585914,0.585533727,0.75
LogisticRegression,overall_accuracy_equality,98,0.031527553,0.827381419,0.539563726,0.51012289,2,0.827381419,0.51012289,0.5
LogisticRegression,overall_accuracy_equality,99,0.030495643,0.503613869,0.539617604,0.550635088,2,0.503613869,0.550635088,0.5
LogisticRegression,overall_accuracy_equality,100,0.029947216,0.331541888,0.539409319,0.394019021,2,0.331541888,0.394019021,0.5
LogisticRegression,overall_accuracy_equality,1,0.030425877,0.481724544,0.539660066,0.582563674,3,0.481724544,0.582563674,0.25
LogisticRegression,overall_accuracy_equality,2,0.030732944,0.578068391,0.539361795,0.358284225,3,0.578068391,0.358284225,0.5
LogisticRegression,overall_accuracy_equality,3,0.029265875,0.11776729,0.539357561,0.355100869,3,0.11776729,0.355100869,0.25
LogisticRegression,overall_accuracy_equality,4,0.031175288,0.716856362,0.539374014,0.367472309,3,0.716856362,0.367472309,0.5
LogisticRegression,overall_accuracy_equality,5,0.030339355,0.454577661,0.53922081,0.252273796,3,0.454577661,0.252273796,1
LogisticRegression,overall_accuracy_equality,6,0.030649554,0.551904357,0.539007478,0.091862795,3,0.551904357,0.091862795,0.5
LogisticRegression,overall_accuracy_equality,7,0.030753903,0.584644261,0.539153205,0.201439673,3,0.584644261,0.201439673,0.75
LogisticRegression,overall_accuracy_equality,8,0.030731387,0.577579941,0.539512283,0.471441063,3,0.577579941,0.471441063,0.5
LogisticRegression,overall_accuracy_equality,9,0.030235589,0.422020609,0.539605886,0.54182366,3,0.422020609,0.54182366,0.5
LogisticRegression,overall_accuracy_equality,10,0.030717107,0.573099354,0.539393351,0.3820127,3,0.573099354,0.3820127,0.25
LogisticRegression,overall_accuracy_equality,11,0.029315186,0.133238818,0.539597037,0.535170331,3,0.133238818,0.535170331,0.5
LogisticRegression,overall_accuracy_equality,12,0.030139421,0.391847106,0.539499945,0.462163431,3,0.391847106,0.462163431,0.75
LogisticRegression,overall_accuracy_equality,13,0.030540157,0.517580471,0.539543272,0.494742712,3,0.517580471,0.494742712,0.25
LogisticRegression,overall_accuracy_equality,14,0.030308884,0.445017155,0.53918916,0.228474936,3,0.445017155,0.228474936,0.5
LogisticRegression,overall_accuracy_equality,15,0.029545715,0.205568689,0.539657588,0.5807005,3,0.205568689,0.5807005,0.5
LogisticRegression,overall_accuracy_equality,16,0.030001843,0.348681432,0.538933799,0.036460972,3,0.348681432,0.036460972,0.5
LogisticRegression,overall_accuracy_equality,17,0.030739218,0.580036898,0.53931936,0.326376081,3,0.580036898,0.326376081,0.5
LogisticRegression,overall_accuracy_equality,18,0.029486634,0.187031825,0.53966629,0.587243553,3,0.187031825,0.587243553,0.5
LogisticRegression,overall_accuracy_equality,19,0.030558534,0.52334623,0.539360048,0.356970717,3,0.52334623,0.356970717,0.5
LogisticRegression,overall_accuracy_equality,20,0.030315347,0.447044843,0.539193906,0.232043858,3,0.447044843,0.232043858,0.5
LogisticRegression,overall_accuracy_equality,21,0.030690347,0.564703275,0.539250438,0.274551822,3,0.564703275,0.274551822,0.75
LogisticRegression,overall_accuracy_equality,22,0.029817056,0.290703338,0.539077368,0.144415194,3,0.290703338,0.144415194,0.75
LogisticRegression,overall_accuracy_equality,23,0.029484345,0.18631357,0.539156776,0.204124318,3,0.18631357,0.204124318,0.5
LogisticRegression,overall_accuracy_equality,24,0.030072263,0.370776211,0.539279239,0.296208417,3,0.370776211,0.296208417,0.25
LogisticRegression,overall_accuracy_equality,25,0.030583451,0.531164123,0.539672655,0.592029342,3,0.531164123,0.592029342,0.75
LogisticRegression,overall_accuracy_equality,26,0.030206972,0.4130417,0.53921206,0.245694547,3,0.4130417,0.245694547,0.75
LogisticRegression,overall_accuracy_equality,27,0.029856655,0.303127793,0.53933745,0.339978498,3,0.303127793,0.339978498,0.5
LogisticRegression,overall_accuracy_equality,28,0.029970142,0.338734947,0.539498002,0.460703038,3,0.338734947,0.460703038,0.25
LogisticRegression,overall_accuracy_equality,29,0.030055687,0.365575157,0.539044081,0.119385976,3,0.365575157,0.119385976,0.5
LogisticRegression,overall_accuracy_equality,30,0.029834283,0.296108574,0.539372039,0.365987461,3,0.296108574,0.365987461,0.25
LogisticRegression,overall_accuracy_equality,31,0.031037668,0.673677294,0.539111306,0.169933863,3,0.673677294,0.169933863,0.25
LogisticRegression,overall_accuracy_equality,32,0.030556177,0.522606713,0.539518098,0.47581347,3,0.522606713,0.47581347,0.75
LogisticRegression,overall_accuracy_equality,33,0.02983687,0.296920092,0.539361091,0.35775513,3,0.296920092,0.35775513,0.75
LogisticRegression,overall_accuracy_equality,34,0.029629927,0.231990808,0.539240945,0.267413558,3,0.231990808,0.267413558,0
LogisticRegression,overall_accuracy_equality,35,0.032077722,1,0.539293392,0.306850379,3,1,0.306850379,0.5
LogisticRegression,overall_accuracy_equality,36,0.03106608,0.682591463,0.539132941,0.186202603,3,0.682591463,0.186202603,0.25
LogisticRegression,overall_accuracy_equality,37,0.029477018,0.184014618,0.539462571,0.434060754,3,0.184014618,0.434060754,0.5
LogisticRegression,overall_accuracy_equality,38,0.029157758,0.083845066,0.539762545,0.65962042,3,0.083845066,0.65962042,0.25
LogisticRegression,overall_accuracy_equality,39,0.029691311,0.25125037,0.53933988,0.341806022,3,0.25125037,0.341806022,0.75
LogisticRegression,overall_accuracy_equality,40,0.029158952,0.084219767,0.539350593,0.349861224,3,0.084219767,0.349861224,0.5
LogisticRegression,overall_accuracy_equality,41,0.029346892,0.143186989,0.539425085,0.405874506,3,0.143186989,0.405874506,0.5
LogisticRegression,overall_accuracy_equality,42,0.030024146,0.355678974,0.53945151,0.425743943,3,0.355678974,0.425743943,0.75
LogisticRegression,overall_accuracy_equality,43,0.030309673,0.445264764,0.539585407,0.526425475,3,0.445264764,0.526425475,0.5
LogisticRegression,overall_accuracy_equality,44,0.03011839,0.385248659,0.539221951,0.253131219,3,0.385248659,0.253131219,0.75
LogisticRegression,overall_accuracy_equality,45,0.031043392,0.675473017,0.539422072,0.403608683,3,0.675473017,0.403608683,0.5
LogisticRegression,overall_accuracy_equality,46,0.030693753,0.565772084,0.539532174,0.486397431,3,0.565772084,0.486397431,0.5
LogisticRegression,overall_accuracy_equality,47,0.031248022,0.739676933,0.539373427,0.367030894,3,0.739676933,0.367030894,0.75
LogisticRegression,overall_accuracy_equality,48,0.029604065,0.223876316,0.539689105,0.604398621,3,0.223876316,0.604398621,0.25
LogisticRegression,overall_accuracy_equality,49,0.030196077,0.409623478,0.539252903,0.276405171,3,0.409623478,0.276405171,0.5
LogisticRegression,overall_accuracy_equality,50,0.030477635,0.497963661,0.540007501,0.843810465,3,0.497963661,0.843810465,0.25
LogisticRegression,overall_accuracy_equality,51,0.031731333,0.891318391,0.539323541,0.329520033,3,0.891318391,0.329520033,0.5
LogisticRegression,overall_accuracy_equality,52,0.029958343,0.335032926,0.539676867,0.595196759,3,0.335032926,0.595196759,0.25
LogisticRegression,overall_accuracy_equality,53,0.03048366,0.499854209,0.539172038,0.215600221,3,0.499854209,0.215600221,0.25
LogisticRegression,overall_accuracy_equality,54,0.029966919,0.337723751,0.539466303,0.436867088,3,0.337723751,0.436867088,0.5
LogisticRegression,overall_accuracy_equality,55,0.030604721,0.537837773,0.539294015,0.30731855,3,0.537837773,0.30731855,0.5
LogisticRegression,overall_accuracy_equality,56,0.029253862,0.113998112,0.539349913,0.349350392,3,0.113998112,0.349350392,0.5
LogisticRegression,overall_accuracy_equality,57,0.030494469,0.503245504,0.539322235,0.328537836,3,0.503245504,0.328537836,0.5
LogisticRegression,overall_accuracy_equality,58,0.029926915,0.325172339,0.538981296,0.07217569,3,0.325172339,0.07217569,0.25
LogisticRegression,overall_accuracy_equality,59,0.030755435,0.585124915,0.539718307,0.626356653,3,0.585124915,0.626356653,0.25
LogisticRegression,overall_accuracy_equality,60,0.030722399,0.574759918,0.539514551,0.473146229,3,0.574759918,0.473146229,0.5
LogisticRegression,overall_accuracy_equality,61,0.029689498,0.250681331,0.53915822,0.20521002,3,0.250681331,0.20521002,0
LogisticRegression,overall_accuracy_equality,62,0.030364653,0.462515096,0.539172247,0.215757297,3,0.462515096,0.215757297,0.5
LogisticRegression,overall_accuracy_equality,63,0.030163033,0.39925568,0.539143933,0.194467265,3,0.39925568,0.194467265,0.5
LogisticRegression,overall_accuracy_equality,64,0.029823179,0.292624465,0.539468332,0.438392843,3,0.292624465,0.438392843,0.25
LogisticRegression,overall_accuracy_equality,65,0.03066356,0.556298723,0.53944091,0.417773214,3,0.556298723,0.417773214,0.25
LogisticRegression,overall_accuracy_equality,66,0.030837216,0.610784426,0.539810648,0.695790437,3,0.610784426,0.695790437,0.75
LogisticRegression,overall_accuracy_equality,67,0.030448954,0.48896504,0.539551033,0.500578355,3,0.48896504,0.500578355,0.75
LogisticRegression,overall_accuracy_equality,68,0.030381887,0.46792231,0.539002746,0.088304896,3,0.46792231,0.088304896,0.5
LogisticRegression,overall_accuracy_equality,69,0.030127549,0.388122212,0.539363531,0.359589585,3,0.388122212,0.359589585,0.75
LogisticRegression,overall_accuracy_equality,70,0.029838332,0.29737879,0.539163567,0.209230518,3,0.29737879,0.209230518,0.5
LogisticRegression,overall_accuracy_equality,71,0.029405301,0.161513041,0.539435526,0.413725026,3,0.161513041,0.413725026,1
LogisticRegression,overall_accuracy_equality,72,0.030397216,0.47273182,0.539559647,0.5070553,3,0.47273182,0.5070553,0.75
LogisticRegression,overall_accuracy_equality,73,0.029067126,0.055408848,0.53996449,0.81146915,3,0.055408848,0.81146915,0.25
LogisticRegression,overall_accuracy_equality,74,0.029695779,0.252652212,0.539668186,0.588669025,3,0.252652212,0.588669025,0.5
LogisticRegression,overall_accuracy_equality,75,0.030379698,0.467235569,0.539202047,0.238165332,3,0.467235569,0.238165332,0.5
LogisticRegression,overall_accuracy_equality,76,0.030795482,0.597690142,0.539398152,0.385622625,3,0.597690142,0.385622625,0.5
LogisticRegression,overall_accuracy_equality,77,0.029924738,0.324489212,0.538975445,0.067776535,3,0.324489212,0.067776535,0.25
LogisticRegression,overall_accuracy_equality,78,0.029318032,0.134131887,0.539484869,0.450827579,3,0.134131887,0.450827579,1
LogisticRegression,overall_accuracy_equality,79,0.029768321,0.275412506,0.539678681,0.596561047,3,0.275412506,0.596561047,0.5
LogisticRegression,overall_accuracy_equality,80,0.031081522,0.687436597,0.539386983,0.377224102,3,0.687436597,0.377224102,0.5
LogisticRegression,overall_accuracy_equality,81,0.030095252,0.377989031,0.53967222,0.591702579,3,0.377989031,0.591702579,0.75
LogisticRegression,overall_accuracy_equality,82,0.030585224,0.531720348,0.539283759,0.299606713,3,0.531720348,0.299606713,0.5
LogisticRegression,overall_accuracy_equality,83,0.030228348,0.419748737,0.539502318,0.463947962,3,0.419748737,0.463947962,0.5
LogisticRegression,overall_accuracy_equality,84,0.029661774,0.241982816,0.538972268,0.065387474,3,0.241982816,0.065387474,0.5
LogisticRegression,overall_accuracy_equality,85,0.029065363,0.054855587,0.5394208,0.402652283,3,0.054855587,0.402652283,0.5
LogisticRegression,overall_accuracy_equality,86,0.030605783,0.53817091,0.539201705,0.237908272,3,0.53817091,0.237908272,0.5
LogisticRegression,overall_accuracy_equality,87,0.03040545,0.475315453,0.539506485,0.467081157,3,0.475315453,0.467081157,0.5
LogisticRegression,overall_accuracy_equality,88,0.031025483,0.669854006,0.539148672,0.198030911,3,0.669854006,0.198030911,0.5
LogisticRegression,overall_accuracy_equality,89,0.029734298,0.264737519,0.539321008,0.327615505,3,0.264737519,0.327615505,0.25
LogisticRegression,overall_accuracy_equality,90,0.030522872,0.512157265,0.539394379,0.382785141,3,0.512157265,0.382785141,0.25
LogisticRegression,overall_accuracy_equality,91,0.03035877,0.460669058,0.539461415,0.433191889,3,0.460669058,0.433191889,0.5
LogisticRegression,overall_accuracy_equality,92,0.030806363,0.601104058,0.539173517,0.216712925,3,0.601104058,0.216712925,0.5
LogisticRegression,overall_accuracy_equality,93,0.030462845,0.493323328,0.539384741,0.375538445,3,0.493323328,0.375538445,0.5
LogisticRegression,overall_accuracy_equality,94,0.030147981,0.394532869,0.539371132,0.365305264,3,0.394532869,0.365305264,0.75
LogisticRegression,overall_accuracy_equality,95,0.029593288,0.220495037,0.539440226,0.417259443,3,0.220495037,0.417259443,0.25
LogisticRegression,overall_accuracy_equality,96,0.029876756,0.309434549,0.538924405,0.029397569,3,0.309434549,0.029397569,0.75
LogisticRegression,overall_accuracy_equality,97,0.029717469,0.259457568,0.539578839,0.521486396,3,0.259457568,0.521486396,0.75
LogisticRegression,overall_accuracy_equality,98,0.031479995,0.812459697,0.539030881,0.109460484,3,0.812459697,0.109460484,0.5
LogisticRegression,overall_accuracy_equality,99,0.030383544,0.468442261,0.538885309,0,3,0.468442261,0,0.5
LogisticRegression,overall_accuracy_equality,100,0.029940726,0.329505596,0.539074256,0.142075483,3,0.329505596,0.142075483,0.75
